state list copied,federal_provider_number,provider_name,provider_address,provider_city,provider_state,provider_zip_code,provider_phone_number,provider_ssa_county_code,provider_county_name,ownership_type,number_of_certified_beds,average_number_of_residents_per_day,average_number_of_residents_per_day_footnote,provider_type,provider_resides_in_hospital,legal_business_name,date_first_approved_to_provide_medicare_and_medicaid_services,continuing_care_retirement_community,special_focus_status,abuse_icon,most_recent_health_inspection_more_than_2_years_ago,provider_changed_ownership_in_last_12_months,with_a_resident_and_family_council,automatic_sprinkler_systems_in_all_required_areas,overall_rating,overall_rating_footnote,health_inspection_rating,health_inspection_rating_footnote,qm_rating,qm_rating_footnote,longstay_qm_rating,longstay_qm_rating_footnote,shortstay_qm_rating,shortstay_qm_rating_footnote,staffing_rating,staffing_rating_footnote,reported_staffing_footnote,physical_therapist_staffing_footnote,reported_nurse_aide_staffing_hours_per_resident_per_day,reported_lpn_staffing_hours_per_resident_per_day,reported_rn_staffing_hours_per_resident_per_day,reported_licensed_staffing_hours_per_resident_per_day,reported_total_nurse_staffing_hours_per_resident_per_day,total_number_of_nurse_staff_hours_per_resident_per_day_on_t_5932,registered_nurse_hours_per_resident_per_day_on_the_weekend,reported_physical_therapist_staffing_hours_per_resident_per_day,total_nursing_staff_turnover,total_nursing_staff_turnover_footnote,registered_nurse_turnover,registered_nurse_turnover_footnote,number_of_administrators_who_have_left_the_nursing_home,administrator_turnover_footnote,casemix_nurse_aide_staffing_hours_per_resident_per_day,casemix_lpn_staffing_hours_per_resident_per_day,casemix_rn_staffing_hours_per_resident_per_day,casemix_total_nurse_staffing_hours_per_resident_per_day,adjusted_nurse_aide_staffing_hours_per_resident_per_day,adjusted_lpn_staffing_hours_per_resident_per_day,adjusted_rn_staffing_hours_per_resident_per_day,adjusted_total_nurse_staffing_hours_per_resident_per_day,adjusted_weekend_total_nurse_staffing_hours_per_resident_per_day,rating_cycle_1_standard_survey_health_date,rating_cycle_1_total_number_of_health_deficiencies,rating_cycle_1_number_of_standard_health_deficiencies,rating_cycle_1_number_of_complaint_health_deficiencies,rating_cycle_1_health_deficiency_score,rating_cycle_1_number_of_health_revisits,rating_cycle_1_health_revisit_score,rating_cycle_1_total_health_score,rating_cycle_2_standard_health_survey_date,rating_cycle_2_total_number_of_health_deficiencies,rating_cycle_2_number_of_standard_health_deficiencies,rating_cycle_2_number_of_complaint_health_deficiencies,rating_cycle_2_health_deficiency_score,rating_cycle_2_number_of_health_revisits,rating_cycle_2_health_revisit_score,rating_cycle_2_total_health_score,rating_cycle_3_standard_health_survey_date,rating_cycle_3_total_number_of_health_deficiencies,rating_cycle_3_number_of_standard_health_deficiencies,rating_cycle_3_number_of_complaint_health_deficiencies,rating_cycle_3_health_deficiency_score,rating_cycle_3_number_of_health_revisits,rating_cycle_3_health_revisit_score,rating_cycle_3_total_health_score,total_weighted_health_survey_score,number_of_facility_reported_incidents,number_of_substantiated_complaints,number_of_citations_from_infection_control_inspections,number_of_fines,total_amount_of_fines_in_dollars,number_of_payment_denials,total_number_of_penalties,location,processing_date
Aspen Meadows Health and Rehabilitation Center,275140,ASPEN MEADOWS HEALTH AND REHABILITATION CENTER,3155 AVE C,BILLINGS,MT,59102,4066568818,550,Yellowstone,For profit - Corporation,90,67.6,,Medicare and Medicaid,N,EMPRES AT BILLINGS LLC,1992-10-27,N,,Y,N,N,Resident,Yes,1,,1,,3,,1,,5,,3,,,,1.80077,0.55803,0.72706,1.28509,3.08586,2.45465,0.40332,0.06979,52.6,,33.3,,,6,1.92218,0.67682,0.33427,2.93328,1.90744,0.60716,0.84145,3.32367,2.64381,2022-03-31,7,7,2,139,1,0,139,2021-04-13,10,1,9,209,1,0,209,2019-06-13,8,7,1,76,1,0,76,151.833,2,9,0,3,174229.25,0,3,"3155 AVE C,BILLINGS,MT,59102",2023-05-01
AVANTARA OF BILLINGS,275029,AVANTARA OF BILLINGS,2115 CENTRAL AVE,BILLINGS,MT,59102,4066566500,550,Yellowstone,For profit - Corporation,160,96.4,,Medicare and Medicaid,N,BILLINGS SKILLED NURSING FACILITY LLC,1969-10-01,N,,N,N,N,Resident,Yes,1,,1,,2,,1,,4,,3,,,,2.12062,0.74518,0.68959,1.43477,3.55539,3.13905,0.43702,0.03998,65.9,,47.1,,1,,1.94954,0.67772,0.29672,2.92398,2.21473,0.80972,0.8991,3.84157,3.39171,2022-07-21,5,4,1,40,2,20,60,2021-06-10,8,5,2,52,1,0,52,2019-08-22,16,2,1,424,1,0,424,118,1,3,15,2,110363.5,2,4,"2115 CENTRAL AVE,BILLINGS,MT,59102",2023-05-01
Awe Kualawaache Care Center,275153,AWE KUALAWAACHE CARE CENTER,10131 S HERITAGE RD,CROW AGENCY,MT,59022,4066389111,10,Big Horn,Non profit - Other,40,19.3,,Medicare and Medicaid,N,AWE KUALAWAACHE CARE CENTER,1998-06-09,N,,N,N,N,Resident,Yes,1,,1,,1,,1,,,2,1,12,,,4.83543,0.86382,0.96494,1.82876,6.66419,4.67649,0.15145,0,,6,,6,,6,1.55852,0.62838,0.2827,2.4696,6.31702,1.01232,1.3205,8.52542,5.98259,2022-04-28,15,15,1,187,1,0,187,2021-04-15,14,8,6,156,1,0,156,2020-03-05,8,7,1,76,1,0,76,158.167,4,2,0,26,252302.94,2,28,"10131 S HERITAGE RD,CROW AGENCY,MT,59022",2023-05-01
,275090,BEARTOOTH MANOR,350 W PIKE AVE,COLUMBUS,MT,59019,4063225342,470,Stillwater,For profit - Corporation,82,27.6,,Medicare and Medicaid,N,KISMET COL LLC,1979-09-01,N,,N,N,N,None,Yes,3,,3,,3,,3,,,2,3,,,,1.70913,0.48323,0.74239,1.22561,2.93474,2.79072,0.95939,0.01119,82.4,,85.7,,0,,1.71364,0.60389,0.26283,2.58035,2.0307,0.58927,1.09275,3.59324,3.41691,2022-03-17,6,6,2,40,1,0,40,2020-08-26,7,4,3,48,1,0,48,2019-03-21,4,4,0,20,1,0,20,39.333,1,2,0,2,53508,0,2,"350 W PIKE AVE,COLUMBUS,MT,59019",2023-05-01
Bella Terra of Billings,275020,BELLA TERRA OF BILLINGS,1807 24TH ST W,BILLINGS,MT,59102,4066565010,550,Yellowstone,For profit - Corporation,150,80,,Medicare and Medicaid,N,"VALLEY SKILLED NURSING FACILITY, LLC",1967-01-01,N,SFF Candidate,Y,N,N,Resident,Yes,1,,1,,2,,1,,4,,3,,,,1.92387,0.91408,0.68158,1.59566,3.51953,3.12429,0.6406,0.06227,60.9,,41.2,,1,,1.99124,0.74626,0.3566,3.09411,1.96717,0.90202,0.73942,3.59372,3.19015,2023-02-02,25,25,9,271,2,136,407,2022-02-17,27,21,12,268,1,0,268,2020-09-30,13,11,1,112,1,0,112,311.5,29,13,1,5,214516.25,2,7,"1807 24TH ST W,BILLINGS,MT,59102",2023-05-01
Benefis Senior Services,275012,BENEFIS SENIOR SERVICES,2621 15TH AVE S,GREAT FALLS,MT,59405,4064555903,60,Cascade,Non profit - Corporation,146,114.8,,Medicare and Medicaid,Y,BENEFIS HOSPITALS INC,1967-01-01,N,,N,N,N,Resident,Yes,3,,2,,4,,3,,4,,5,,,,2.39885,0.54094,1.07777,1.61871,4.01757,3.77508,0.82447,0.10183,37,,20.7,,0,,1.97869,0.65845,0.28621,2.92334,2.4684,0.60499,1.45683,4.34188,4.07982,2022-05-24,14,10,4,130,1,0,130,2021-05-13,7,7,0,48,1,0,48,2019-07-11,10,10,0,120,1,0,120,101,8,0,0,3,86222.5,0,3,"2621 15TH AVE S,GREAT FALLS,MT,59405",2023-05-01
Blackfeet Care Center,275133,BLACKFEET CARE CENTER,728 S GOVERNMENT SQ,BROWNING,MT,59417,4063382686,170,Glacier,Non profit - Corporation,47,24.6,,Medicare and Medicaid,N,BLACKFEET TRIBE,1989-07-20,N,,N,N,N,Resident,Yes,4,,4,,4,,4,,,2,2,,,,2.68016,0.3536,0.49139,0.84499,3.52515,2.84813,0.48396,0.11099,75,,83.3,,0,,1.89767,0.656,0.32548,2.87915,2.87561,0.39694,0.58407,3.8682,3.1253,2023-02-01,4,4,3,32,1,0,32,2021-08-19,4,4,0,20,1,0,20,2019-10-31,7,6,0,52,1,0,52,31.333,1,1,1,2,1644.4,0,2,"728 S GOVERNMENT SQ,BROWNING,MT,59417",2023-05-01
Brendan House (Logan Health),275109,BRENDAN HOUSE,350 CONWAY DR,KALISPELL,MT,59901,4067516500,140,Flathead,Non profit - Corporation,110,100.1,,Medicare and Medicaid,Y,NORTHWEST HORIZONS INC,1985-04-17,N,,Y,N,N,Resident,Yes,3,,2,,4,,2,,5,,5,,,,2.77494,0.43826,1.37515,1.81341,4.58835,4.26462,1.0809,0.07529,37.4,,18.5,,0,,1.89184,0.67723,0.34094,2.91001,2.98648,0.47656,1.56037,4.98146,4.63,2022-12-22,6,6,1,56,1,0,56,2021-11-10,8,8,0,60,1,0,60,2020-02-06,2,2,0,28,1,0,28,52.667,1,0,0,2,8840,0,2,"350 CONWAY DR,KALISPELL,MT,59901",2023-05-01
Central Montana Nursing & Rehabilitation Center,275064,CENTRAL MONTANA NURSING & REHABILITATION CENTER,410 WENDELL AVE,LEWISTOWN,MT,59457,4065356229,130,Fergus,For profit - Corporation,85,21.5,,Medicare and Medicaid,N,EMPRES AT LEWISTOWN LLC,1977-06-01,N,,N,N,N,Resident,Yes,4,,3,,5,,5,,,2,3,,,,2.14655,0.77754,0.92915,1.70669,3.85324,3.19279,0.71277,0,57.7,,83.3,,,6,2.10706,0.64406,0.27624,3.02736,2.07422,0.88904,1.30123,4.02122,3.33197,2022-11-06,6,6,0,20,1,0,20,2021-11-10,7,7,0,64,1,0,64,2019-12-12,0,0,0,0,0,0,0,31.333,0,0,0,3,35425,0,3,"410 WENDELL AVE,LEWISTOWN,MT,59457",2023-05-01
Clark Fork Valley Nursing Home,275107,CLARK FORK VALLEY NURSING HOME,10 KRUGER RD,PLAINS,MT,59859,4068264800,440,Sanders,Non profit - Corporation,28,21.8,,Medicare and Medicaid,Y,PLAINS HOSPITAL CORPORATION,1985-01-01,N,,N,N,N,Resident,Yes,5,,5,,2,,2,,,2,4,,,,3.26475,0.51584,0.80859,1.32443,4.58918,4.40285,0.54556,0,57.1,,57.1,,,6,1.96681,0.6159,0.25729,2.84,3.37969,0.61677,1.21583,5.1052,4.89791,2023-03-01,4,4,0,8,1,0,8,2022-02-17,1,1,0,4,1,0,4,2021-03-18,5,3,1,40,1,0,40,12,1,1,2,1,11240,0,1,"10 KRUGER RD,PLAINS,MT,59859",2023-05-01
Community Nursing Home of Anaconda,275065,COMMUNITY NURSING HOME OF ANACONDA,615 MAIN ST,ANACONDA,MT,59711,4065638414,110,Deer Lodge,Non profit - Corporation,62,18.6,,Medicare and Medicaid,Y,COMMUNITY HOSPITAL OF ANACONDA,1977-06-01,N,,N,N,N,Resident,Yes,4,,3,,4,,4,,,2,5,,,,2.84037,1.10578,1.30348,2.40926,5.24963,4.4388,0.76018,0.12707,53.1,,55.6,,,6,2.13126,0.67457,0.31279,3.11862,2.71349,1.20715,1.61218,5.31817,4.49675,2022-08-17,8,8,0,56,1,0,56,2021-07-08,0,0,0,0,0,0,0,2019-09-05,3,3,0,24,1,0,24,32,0,0,0,2,22340.5,0,2,"615 MAIN ST,ANACONDA,MT,59711",2023-05-01
Continental Care and Rehabilitation,275103,CONTINENTAL CARE AND REHABILITATION,2400 CONTINENTAL DR,BUTTE,MT,59701,4067236556,460,Silver Bow,For profit - Limited Liability company,100,55.3,,Medicare and Medicaid,N,SWEETWATER BUTTE OPCO LLC,1984-12-01,N,SFF Candidate,Y,N,N,Resident,Yes,1,,1,,2,,1,,3,,2,,,,1.59917,0.58823,0.67167,1.2599,2.85907,2.67634,0.50005,0.04639,95.8,,90,,2,,1.67143,0.62633,0.28225,2.58001,1.94802,0.69162,0.92062,3.50104,3.27729,2022-09-16,32,29,5,443,1,0,443,2021-07-21,25,17,8,180,1,0,180,2019-10-17,17,12,4,132,1,0,132,303.5,3,14,5,11,244449.51,0,11,"2400 CONTINENTAL DR,BUTTE,MT,59701",2023-05-01
Cooney Healthcare and Rehabilitation,275080,COONEY HEALTHCARE AND REHABILITATION,2555 E BROADWAY,HELENA,MT,59601,4064471651,240,Lewis And Clark,For profit - Limited Liability company,90,65.4,,Medicare and Medicaid,N,HELENA NURSING AND REHAB CENTER LLC,1977-05-01,N,,N,N,N,Resident,Yes,1,,2,,4,,2,,5,,1,,,,2.04068,0.61328,0.36316,0.97644,3.01712,2.72255,0.34745,0.05842,68.6,,75,,,6,1.8919,0.81187,0.48039,3.18415,2.19618,0.55628,0.29246,2.9936,2.70133,2022-09-01,20,16,5,157,1,0,157,2021-04-01,5,4,1,44,1,0,44,2019-07-26,6,6,0,44,1,0,44,100.5,1,2,0,2,16250,0,2,"2555 E BROADWAY,HELENA,MT,59601",2023-05-01
Copper Ridge Health and Rehabilitation Center,275060,COPPER RIDGE HEALTH AND REHABILITATION CENTER,3251 NETTIE ST,BUTTE,MT,59701,4067233225,460,Silver Bow,For profit - Corporation,186,63.3,,Medicare and Medicaid,N,COPPER RIDGE NURSING AND REHAB CENTER LLC,1977-12-01,N,,N,N,N,Resident,Yes,3,,4,,4,,2,,5,,1,,,,1.86392,0.95881,0.49273,1.45154,3.31546,2.94163,0.3632,0.22678,73.3,,73.3,,1,,2.06921,0.79383,0.44923,3.31227,1.83406,0.88946,0.42432,3.16237,2.8058,2022-03-29,2,2,0,12,1,0,12,2021-03-18,11,11,0,88,1,0,88,2019-02-21,2,2,0,8,1,0,8,36.667,0,0,0,0,0,0,0,"3251 NETTIE ST,BUTTE,MT,59701",2023-05-01
Crest Nursing Home,275122,CREST NURSING HOME,3131 AMHERST AVE,BUTTE,MT,59701,4064947035,460,Silver Bow,For profit - Corporation,103,43.6,,Medicare and Medicaid,N,CNH ACQUISITIONS INC.,1988-04-01,N,,N,N,N,Resident,Yes,4,,4,,4,,4,,5,,3,,,,1.76671,0.53467,0.75549,1.29016,3.05687,2.75255,0.5119,0.11387,41,,36.4,,1,,2.00509,0.69088,0.32559,3.02156,1.79399,0.56991,0.89766,3.19625,2.87805,2022-04-13,0,0,0,0,0,0,0,2021-09-16,6,6,0,40,1,0,40,2021-03-08,3,3,0,28,1,0,28,18,0,0,0,3,38330.5,0,3,"3131 AMHERST AVE,BUTTE,MT,59701",2023-05-01
Discovery Care Centre,275135,DISCOVERY CARE CENTRE LTD,601 N 10TH ST,HAMILTON,MT,59840,4063632273,400,Ravalli,Non profit - Other,58,56.9,,Medicare and Medicaid,N,"DISCOVERY CARE CENTRE, LLC",1990-09-10,N,,N,N,N,Resident,Yes,2,,4,,1,,1,,,2,1,,,,1.65815,0.41909,0.59133,1.01041,2.66856,2.32406,0.34163,0.0086,,6,,6,,6,1.99242,0.63812,0.3132,2.94374,1.69447,0.48364,0.73041,2.864,2.49426,2022-11-21,6,6,0,24,1,0,24,2021-06-24,1,1,0,8,1,0,8,2019-08-08,3,3,0,20,1,0,20,18,0,0,0,26,88796.85,0,26,"601 N 10TH ST,HAMILTON,MT,59840",2023-05-01
Eagle Cliff Manor - LTC,275123,EAGLE CLIFF MANOR,1415 YELLOWSTONE RIVER RD,BILLINGS,MT,59105,4062459330,550,Yellowstone,For profit - Limited Liability company,129,55.1,,Medicare and Medicaid,N,"LANTIS ENTERPRISES, INC",1988-04-01,N,,N,N,N,Resident,Yes,2,,3,,2,,1,,3,,1,,,,1.44905,0.50515,0.39963,0.90477,2.35382,2.27993,0.42301,0.00627,71.8,,80,,,6,1.86329,0.63957,0.25804,2.7609,1.5834,0.58163,0.59914,2.69351,2.60896,2023-01-05,12,11,2,64,1,0,64,2022-01-20,3,3,1,24,1,0,24,2020-02-20,5,3,2,48,1,0,48,48,4,1,0,3,33062.25,0,3,"1415 YELLOWSTONE RIVER RD,BILLINGS,MT,59105",2023-05-01
Eastern Montana Veteran's Home,275144,EASTERN MONTANA VETERANS HOME,2000 MONTANA AVE,GLENDIVE,MT,59330,4063458855,100,Dawson,Non profit - Corporation,80,54.4,,Medicare and Medicaid,N,GLENDIVE MEDICAL CENTER INC,1995-08-01,N,,N,N,N,Resident,Yes,2,,2,,4,,4,,,2,4,,,,3.69691,0.55409,1.09537,1.64945,5.34637,4.65639,0.65881,0,80.4,,50,,1,,1.71559,0.59918,0.25547,2.57023,4.38749,0.681,1.65874,6.57176,5.72363,2023-02-15,13,10,3,104,1,0,104,2022-02-03,7,7,0,52,1,0,52,2020-03-05,7,5,0,56,1,0,56,78.667,4,3,2,6,69611.35,0,6,"2000 MONTANA AVE,GLENDIVE,MT,59330",2023-05-01
Elkhorn Healthcare and Rehabilitation,275056,ELKHORN HEALTHCARE AND REHABILITATION,474 HWY 282,CLANCY,MT,59634,4069338311,210,Jefferson,For profit - Corporation,70,61.2,,Medicare and Medicaid,N,CLANCY NURSING AND REHAB CENTER LLC,1977-05-23,N,,N,N,N,None,Yes,1,,2,,4,,4,,5,,1,,,,1.69634,0.65665,0.4035,1.06015,2.75649,2.26976,0.25675,0.14986,68.6,,71.4,,1,,1.73022,0.67068,0.32231,2.7232,1.99619,0.72101,0.48432,3.19795,2.63327,2023-01-05,6,5,1,80,1,0,80,2022-01-06,13,13,4,68,1,0,68,2020-03-05,3,3,0,20,1,0,20,66,5,1,0,1,655.14,0,1,"474 HWY 282,CLANCY,MT,59634",2023-05-01
Faith Lutheran Home,275073,FAITH LUTHERAN HOME,1000 6TH AVE N,WOLF POINT,MT,59201,4066531400,420,Roosevelt,Non profit - Corporation,60,45.9,,Medicare and Medicaid,N,Legal Business Name Not Available,1977-09-01,Y,,N,N,N,Both,Yes,5,,3,,5,,5,,,2,5,,,,2.52842,0.15265,0.97454,1.12719,3.65561,3.32633,0.85723,0.0035,46.6,,12.5,,,6,1.63617,0.57476,0.2579,2.46883,3.14638,0.19559,1.46185,4.67805,4.25667,2022-05-11,8,8,1,68,1,0,68,2020-02-05,2,2,0,8,1,0,8,2019-01-09,4,3,0,28,1,0,28,41.333,0,1,1,3,34736,0,3,"1000 6TH AVE N,WOLF POINT,MT,59201",2023-05-01
,275081,FRIENDSHIP VILLA,2300 WILSON,MILES CITY,MT,59301,4068742687,80,Custer,For profit - Corporation,107,32.8,,Medicare and Medicaid,N,KISMET MILS LLC,1977-12-01,N,,N,N,N,Resident,Yes,3,,3,,3,,3,,,2,4,,,,1.63453,0.64095,0.82074,1.46169,3.09622,2.84117,0.70672,0.00701,46.9,,37.5,,0,,1.95424,0.62063,0.26873,2.84359,1.70296,0.76052,1.18154,3.44001,3.15663,2022-02-17,5,5,0,20,1,0,20,2020-09-17,9,7,2,92,1,0,92,2019-04-04,0,0,0,0,0,0,0,40.667,3,0,0,2,41320.5,1,3,"2300 WILSON,MILES CITY,MT,59301",2023-05-01
Gallatin Rest Home,275066,GALLATIN REST HOME,1221 W DURSTON RD,BOZEMAN,MT,59715,4065823300,150,Gallatin,Government - County,94,40.4,,Medicare and Medicaid,N,GALLATIN COUNTY,1977-05-01,N,,N,N,N,Resident,Yes,3,,4,,2,,1,,3,,1,,,,1.15025,0.21849,0.70212,0.92061,2.07086,1.38713,0.32412,0.1265,,6,,6,,6,2.14035,0.69137,0.31022,3.14194,1.0942,0.23272,0.87559,2.08232,1.39481,2022-06-09,0,0,0,0,0,0,0,2021-09-01,9,9,0,56,1,0,56,2019-11-27,3,2,0,24,1,0,24,22.667,0,0,1,1,33800,0,1,"1221 W DURSTON RD,BOZEMAN,MT,59715",2023-05-01
Glacier Care Center,275104,GLACIER CARE CENTER,707 3RD ST SE,CUT BANK,MT,59427,4068735600,170,Glacier,Non profit - Corporation,41,24.1,,Medicare and Medicaid,N,GLACIER CARE CENTER INC,1985-06-01,N,,N,N,N,Resident,Yes,5,,4,,5,,5,,,2,4,,,,2.16671,0.15031,1.25472,1.40503,3.57174,3.39553,1.05896,0.02375,55,,57.1,,0,,2.07903,0.64022,0.30309,3.02233,2.12192,0.17289,1.60155,3.73364,3.54944,2022-10-27,1,0,0,8,0,0,8,2021-08-19,8,8,0,48,1,0,48,2019-10-31,2,2,0,8,1,0,8,21.333,0,0,1,0,0,0,0,"707 3RD ST SE,CUT BANK,MT,59427",2023-05-01
Glendive Medical Center Nursing Home,275067,GLENDIVE MEDICAL CENTER N H,202 PROSPECT DR,GLENDIVE,MT,59330,4063453320,100,Dawson,Non profit - Corporation,75,31.7,,Medicare and Medicaid,Y,GLENDIVE MEDICAL CENTER INC,1977-08-01,N,,N,N,N,Resident,Yes,1,,3,,1,,1,,,2,1,12,6,6,,,,,,,,,,6,,6,,6,,,,,,,,,,2022-06-22,6,6,0,32,1,0,32,2021-10-28,10,10,2,76,1,0,76,2019-12-12,1,0,0,16,0,0,16,44,1,0,1,2,33605,0,2,"202 PROSPECT DR,GLENDIVE,MT,59330",2023-05-01
"Eureka of Cascadia, LLC dba Mountain View of Cascadia",275084,GOOD SAMARITAN SOCIETY - MOUNTAIN VIEW MANOR,10 MOUNTAIN VIEW DR,EUREKA,MT,59917,4062972541,260,Lincoln,Non profit - Corporation,49,31,,Medicare and Medicaid,N,THE EVANGELICAL LUTHERAN GOOD SAMARITAN SOCIETY,1978-01-01,N,,N,N,N,Resident,Yes,5,,4,,5,,4,,5,,3,,,,1.59243,0.41965,1.00474,1.42439,3.01683,2.493,0.63842,0.06653,,6,,6,,6,1.93585,0.63189,0.34882,2.91657,1.67486,0.48906,1.11432,3.26793,2.7005,2022-06-23,6,5,1,16,1,0,16,2021-11-24,6,6,0,48,1,0,48,2020-09-30,6,5,2,36,1,0,36,30,2,1,0,1,21658,0,1,"10 MOUNTAIN VIEW DR,EUREKA,MT,59917",2023-05-01
Heritage Place - LTC,275025,HERITAGE PLACE,171 HERITAGE WAY,KALISPELL,MT,59901,4067550800,140,Flathead,For profit - Corporation,140,78.1,,Medicare and Medicaid,N,"KISMET GPI, LLC",1967-01-01,N,,N,N,N,Resident,Yes,3,,3,,3,,2,,5,,2,,,,1.65715,0.50683,0.65096,1.15779,2.81494,2.49627,0.41537,0.01701,63.8,,53.8,,0,,1.94215,0.62812,0.26316,2.83343,1.73727,0.59421,0.95696,3.13871,2.78339,2022-12-22,8,8,1,52,1,0,52,2021-12-21,5,5,1,36,1,0,36,2019-11-27,13,13,0,56,1,0,56,47.333,1,1,0,2,14956.5,0,2,"171 HERITAGE WAY,KALISPELL,MT,59901",2023-05-01
,275131,HI-LINE RETIREMENT CENTER,801 S 3RD ST E,MALTA,MT,59538,4066541190,350,Phillips,Non profit - Corporation,56,1.4,,Medicare and Medicaid,N,HI-LINE RETIREMENT CENTER,1989-07-01,N,SFF Candidate,Y,N,N,Resident,Yes,1,,1,,3,,3,,,2,1,12,,,0.09231,0.35192,0.27692,0.62885,0.72115,1.53846,0.61538,0,94.7,,83.3,,,6,2.35721,0.55758,0.31352,3.22832,0.07973,0.46479,0.34171,0.70574,1.50559,2021-06-24,20,11,9,558,1,0,558,2019-08-22,12,12,0,80,1,0,80,2018-07-12,14,12,0,128,2,64,192,337.667,1,4,2,13,98379.67,1,14,"801 S 3RD ST E,MALTA,MT,59538",2023-05-01
Holy Rosary Extended Care Unit,275106,HOLY ROSARY EXTENDED CARE UNIT,2600 WILSON ST,MILES CITY,MT,59301,4062332600,80,Custer,Non profit - Church related,84,41.8,,Medicare and Medicaid,Y,HOLY ROSARY HEALTHCARE,1985-01-01,N,,N,N,N,Resident,Yes,3,,4,,2,,2,,,2,1,12,6,6,,,,,,,,,,6,,6,,6,,,,,,,,,,2023-02-16,4,4,0,28,1,0,28,2022-02-17,0,0,0,0,0,0,0,2021-03-18,5,5,0,36,1,0,36,20,0,0,0,5,7810.28,0,5,"2600 WILSON ST,MILES CITY,MT,59301",2023-05-01
Hot Springs Health and Rehabilitation Center,275069,HOT SPRINGS HEALTH & REHABILITATION CENTER,600 1ST AVE N,HOT SPRINGS,MT,59845,4067412992,440,Sanders,For profit - Corporation,40,30.1,,Medicare and Medicaid,N,"EVERGREEN AT HOT SPRINGS, L.L.C.",1977-09-01,N,,N,N,N,Resident,Yes,5,,5,,5,,5,,,2,4,,,,2.07683,0.34029,0.76824,1.10852,3.18536,2.93935,0.62315,0.02615,36,,,6,,6,1.82086,0.66905,0.36115,2.85107,2.32227,0.37454,0.82294,3.52976,3.25716,2022-12-07,0,0,0,0,0,0,0,2021-09-02,2,2,0,20,1,0,20,2019-11-14,3,3,0,12,1,0,12,8.667,0,0,0,2,1625,0,2,"600 1ST AVE N,HOT SPRINGS,MT,59845",2023-05-01
"Immanuel Lutheran Communities, dba Immanuel Skilled Care Center",275129,IMMANUEL SKILLED CARE CENTER,185 CRESTLINE AVE,KALISPELL,MT,59901,4067529622,140,Flathead,Non profit - Corporation,155,90.4,,Medicare and Medicaid,N,IMMANUEL LUTHERAN CORPORATION,1989-09-01,Y,,N,N,N,Resident,Yes,3,,3,,2,,1,,3,,3,,,,2.19582,0.63564,0.75417,1.38981,3.58563,3.24042,0.61265,0.18231,58.4,,40,,5,,1.88614,0.70414,0.33989,2.93017,2.37034,0.66478,0.85841,3.86606,3.49385,2023-01-19,4,4,1,36,1,0,36,2022-02-03,11,11,0,68,1,0,68,2020-02-20,2,2,0,12,1,0,12,42.667,1,0,0,3,21800.35,0,3,"185 CRESTLINE AVE,KALISPELL,MT,59901",2023-05-01
IVY AT DEER LODGE LLC,275134,IVY AT DEER LODGE,1100 TEXAS AVE,DEER LODGE,MT,59722,4068461655,380,Powell,For profit - Limited Liability company,60,45.2,,Medicare and Medicaid,N,IVY AT DEER LODGE LLC,1989-10-01,N,,N,N,N,Resident,Yes,1,,1,,3,,2,,3,,2,,,,1.38954,0.7154,0.46329,1.17869,2.56822,2.29852,0.19475,0,,6,,6,2,,1.62703,0.62997,0.2976,2.55461,1.73885,0.83627,0.60225,3.17617,2.84263,2022-09-15,9,9,1,68,1,0,68,2021-08-19,14,8,2,357,1,0,357,2019-10-17,15,7,4,132,1,0,132,175,3,7,9,5,106874.75,0,5,"1100 TEXAS AVE,DEER LODGE,MT,59722",2023-05-01
Ivy at Great Falls LLC,275026,IVY AT GREAT FALLS,1130 17TH AVE S,GREAT FALLS,MT,59405,4067714500,60,Cascade,For profit - Limited Liability company,278,113.3,,Medicare and Medicaid,N,IVY AT GREAT FALLS LLC,1967-01-01,N,SFF,N,N,N,Resident,Yes,,18,,18,,18,,18,,18,,18,,,1.95758,0.76393,0.50005,1.26398,3.22156,2.95613,0.33978,0,,6,,6,2,,1.88809,0.66314,0.29554,2.84678,2.11098,0.84834,0.65456,3.57526,3.28069,2022-10-13,12,9,3,108,1,0,108,2022-03-03,40,21,19,892,1,0,892,2021-04-01,11,7,4,100,1,0,100,368,1,55,8,7,273113.75,1,8,"1130 17TH AVE S,GREAT FALLS,MT,59405",2023-05-01
Laurel Health and Rehabilitation Center,275111,LAUREL HEALTH & REHABILITATION CENTER,820 3RD AVE,LAUREL,MT,59044,4066288251,550,Yellowstone,For profit - Corporation,79,57.5,,Medicare and Medicaid,N,"EVERGREEN AT LAUREL, L.L.C.",1985-06-01,N,,N,N,N,Resident,Yes,1,,2,,3,,2,,5,,1,,,,1.79076,0.59524,0.63145,1.22669,3.01745,2.61672,0.33829,0.11142,67.3,,60,,,6,1.8734,0.70222,0.37624,2.95186,1.94624,0.62422,0.64929,3.22953,2.80063,2022-12-08,5,4,2,20,1,0,20,2021-12-09,9,8,4,234,1,0,234,2020-01-23,3,2,1,83,1,0,83,101.833,2,7,0,20,229407.75,0,20,"820 3RD AVE,LAUREL,MT,59044",2023-05-01
,275040,LIBBY CARE CENTER,308 E THIRD ST,LIBBY,MT,59923,4062936285,260,Lincoln,For profit - Limited Liability company,101,78.4,,Medicare and Medicaid,N,LIBBY OF CASCADIA,1971-10-01,N,,N,N,N,Resident,Yes,5,,5,,5,,5,,5,,3,,,,1.84749,0.57198,0.48105,1.05303,2.90052,2.42942,0.52882,0.0104,39.3,,53.8,,0,,1.74769,0.63824,0.32894,2.71487,2.15232,0.65996,0.56577,3.37538,2.82715,2022-10-13,1,0,1,4,0,0,4,2021-10-28,1,1,0,4,1,0,4,2019-10-03,4,4,0,20,1,0,20,6.667,0,1,0,8,31209.27,0,8,"308 E THIRD ST,LIBBY,MT,59923",2023-05-01
Livingston Health and Rehabilitation Center,275047,LIVINGSTON HEALTH & REHABILITATION CENTER,510 S 14TH ST,LIVINGSTON,MT,59047,4062220672,330,Park,For profit - Corporation,115,33,,Medicare and Medicaid,N,"EVERGREEN AT LIVINGSTON, L.L.C.",1974-08-01,N,,N,N,N,Resident,Yes,3,,2,,3,,3,,,2,5,,,,2.35824,0.79307,1.04322,1.83629,4.19453,3.70565,0.63823,0.13645,41.7,,12.5,,,6,2.02905,0.79206,0.40244,3.22356,2.36638,0.73735,1.00283,4.11096,3.63182,2022-04-13,8,8,3,60,1,0,60,2021-03-30,9,7,2,52,1,0,52,2019-07-25,11,6,4,120,1,0,120,67.333,7,5,1,7,74331.84,0,7,"510 S 14TH ST,LIVINGSTON,MT,59047",2023-05-01
Logan Health - Conrad - LTC,275119,LOGAN HEALTH - CONRAD,805 SUNSET BLVD,CONRAD,MT,59425,4062713211,360,Pondera,Non profit - Corporation,59,44.2,,Medicare and Medicaid,N,LOGAN HEALTH - CONRAD,1987-09-01,N,,N,N,N,Resident,Yes,4,,4,,5,,5,,,2,1,12,,,1.6385,0.57906,0.23883,0.81789,2.45639,1.95587,0.20748,0,100,,100,,4,,1.85098,0.59789,0.23875,2.68761,1.80233,0.71322,0.387,2.88752,2.29915,2022-04-28,0,0,0,0,0,0,0,2021-04-29,3,3,0,20,1,0,20,2019-08-08,6,4,2,32,1,0,32,12,1,1,0,0,0,0,0,"805 SUNSET BLVD,CONRAD,MT,59425",2023-05-01
Logan Health Care Center - Shelby,275061,LOGAN HEALTH CARE CENTER - SHELBY,630 PARK DRIVE,SHELBY,MT,59474,4064343260,500,Toole,Non profit - Corporation,53,22.8,,Medicare and Medicaid,N,LOGAN HEALTH CARE CENTER - SHELBY,1977-06-01,N,,N,N,N,Resident,Yes,1,,2,,3,,3,,,2,1,12,,,0.96742,0.20974,0.51172,0.72146,1.68888,1.38485,0.3609,0,84.6,,66.7,,4,,2.01409,0.61891,0.25688,2.88988,0.97797,0.24956,0.77065,1.84634,1.51397,2022-05-26,9,9,1,68,1,0,68,2021-08-05,7,7,0,68,2,34,102,2019-09-19,6,2,4,56,1,0,56,77.333,5,2,0,9,108886.7,0,9,"630 PARK DRIVE,SHELBY,MT,59474",2023-05-01
MADISON VALLEY MANOR,275136,MADISON VALLEY MANOR,211 N MAIN ST,ENNIS,MT,59729,4066827271,280,Madison,Government - County,32,16.2,,Medicare and Medicaid,N,MADISON COUNTY FINANCE,1991-07-01,N,,N,N,N,Resident,Yes,5,,5,,3,,3,,,2,5,,,,2.9823,0.54601,1.24206,1.78808,4.77038,4.3242,1.27603,0.0073,58.3,,,6,,6,1.5818,0.5745,0.25072,2.40702,3.83874,0.6999,1.91652,6.26135,5.67572,2022-05-25,0,0,0,0,0,0,0,2021-08-05,1,1,1,20,0,0,20,2019-10-17,0,0,0,0,0,0,0,6.667,1,0,0,1,5650,0,1,"211 N MAIN ST,ENNIS,MT,59729",2023-05-01
Missoula Health and Rehabilitation Center,275035,MISSOULA HEALTH & REHABILITATION CENTER,3018 RATTLESNAKE DR,MISSOULA,MT,59802,4065490988,310,Missoula,For profit - Corporation,53,32.8,,Medicare and Medicaid,N,"EVERGREEN AT MISSOULA, L.L.C.",1967-01-01,N,,N,N,N,Resident,Yes,4,,4,,5,,5,,,2,1,,,,1.52084,0.86062,0.55743,1.41805,2.93888,2.62177,0.5661,0.09033,54.5,,57.1,,,6,1.94554,0.72541,0.378,3.04895,1.5916,0.87367,0.5705,3.04528,2.71669,2023-02-16,13,13,2,52,1,0,52,2022-02-02,0,0,0,0,0,0,0,2021-03-04,4,4,0,20,1,0,20,29.333,2,0,0,0,0,0,0,"3018 RATTLESNAKE DR,MISSOULA,MT,59802",2023-05-01
Montana Mental Health Nursing Care Center,27A052,MONTANA MENTAL HEALTH NURSING HOME,800 CASINO CREEK DR,LEWISTOWN,MT,59457,4065387451,130,Fergus,Government - State,117,66.8,,Medicaid,N,Legal Business Name Not Available,1991-06-01,N,,N,N,N,Resident,Yes,2,,1,,5,,5,,,2,5,,,,3.43815,0.17261,1.28103,1.45364,4.89179,4.09576,0.91061,0,61.6,,40,,,6,1.78923,0.58554,0.25153,2.62629,3.91245,0.21708,1.9703,5.88464,4.92704,2022-08-18,22,10,11,196,1,0,196,2021-08-04,7,7,1,44,1,0,44,2019-04-18,10,5,4,515,1,0,515,198.5,5,5,10,7,218608.5,1,8,"800 CASINO CREEK DR,LEWISTOWN,MT,59457",2023-05-01
Montana Veterans Home,275100,MONTANA VETERANS HOME N H,400 VETERANS DR,COLUMBIA FALLS,MT,59912,4068923256,140,Flathead,Government - State,105,55,,Medicare and Medicaid,N,STATE OF MONTANA,1982-01-07,N,,N,N,N,Resident,Yes,5,,4,,5,,5,,,2,5,,,,4.58442,0.55231,1.82296,2.37527,6.95969,6.02653,1.33575,0.09672,34,,27.3,,,6,1.84723,0.63191,0.27436,2.75349,5.05305,0.64365,2.57047,7.98547,6.91478,2022-07-07,6,6,0,24,1,0,24,2021-06-10,3,3,0,12,1,0,12,2019-08-08,5,5,0,36,1,0,36,22,0,0,0,0,0,0,0,"400 VETERANS DR,COLUMBIA FALLS,MT,59912",2023-05-01
Mount Ascension Transitional Care of Cascadia,275044,MOUNT ASCENSION TRANSITIONAL CARE OF CASCADIA,2475 WINNE AVE,HELENA,MT,59601,4064421350,240,Lewis And Clark,For profit - Limited Liability company,108,57.5,,Medicare and Medicaid,N,"HELENA EAST OF CASCADIA, LLC",1973-09-18,N,,N,N,N,Resident,Yes,1,,1,,4,,4,,4,,2,,,,2.06991,0.93552,0.80792,1.74344,3.81335,3.24992,0.4873,0,65.8,,70,,2,,2.09536,0.75147,0.48174,3.32858,2.01133,0.91677,0.6488,3.61946,3.08468,2023-01-05,17,17,0,289,1,0,289,2021-12-22,5,5,2,16,1,0,16,2020-03-05,8,7,0,64,1,0,64,160.5,1,1,1,1,53023.75,0,1,"2475 WINNE AVE,HELENA,MT,59601",2023-05-01
,275148,MOUNTAIN VIEW CARE CENTER,829 MAIN ST SW,RONAN,MT,59864,4066765510,230,Lake,For profit - Corporation,20,,10,Medicare and Medicaid,N,Legal Business Name Not Available,1997-02-01,N,,N,Y,N,Resident,Yes,3,,4,,,2,,2,,2,1,12,6,6,,,,,,,,,,6,,6,,6,,,,,,,,,,2021-04-15,3,3,0,16,1,0,16,2019-11-14,5,5,0,44,1,0,44,2018-10-18,5,5,0,20,1,0,20,26,0,0,0,4,4604.64,0,4,"829 MAIN ST SW,RONAN,MT,59864",2023-05-01
Northern Montana Care Center,275112,NORTHERN MONTANA CARE CENTER,24 13TH ST,HAVRE,MT,59501,4062621900,200,Hill,Non profit - Corporation,135,71.9,,Medicare and Medicaid,Y,NORTHERN MONTANA HOSPITAL,1985-08-22,N,,N,N,N,Resident,Yes,5,,5,,4,,2,,5,,4,,,,3.29784,0.8984,0.63172,1.53013,4.82797,4.34151,0.29381,0.20757,66.3,,47.1,,,6,1.79395,0.62316,0.28327,2.70038,3.74292,1.06167,0.86276,5.64853,5.07939,2022-09-01,1,1,0,4,1,0,4,2021-08-31,6,6,0,24,1,0,24,2019-11-14,2,2,0,8,1,0,8,11.333,0,0,0,2,34684,0,2,"24 13TH ST,HAVRE,MT,59501",2023-05-01
Park Place Transitional Care and Rehabilitation,275030,PARK PLACE TRANSITIONAL CARE AND REHABILITATION,1500 32ND ST S,GREAT FALLS,MT,59405,4067614300,60,Cascade,For profit - Limited Liability company,189,78.9,,Medicare and Medicaid,N,SWEETWATER GF OPCO LLC,1967-01-01,N,,Y,N,N,Resident,Yes,1,,1,,4,,2,,5,,1,,,,1.11607,0.9067,0.36952,1.27622,2.3923,1.99983,0.25529,0.08598,95.7,,,6,1,,1.76925,0.70844,0.36576,2.84345,1.28438,0.9425,0.39084,2.65806,2.222,2022-05-12,20,16,4,220,1,0,220,2021-06-10,10,8,3,92,1,0,92,2019-07-23,11,1,10,104,1,0,104,158,10,13,9,4,222701.58,1,5,"1500 32ND ST S,GREAT FALLS,MT,59405",2023-05-01
Parkview Care Center,275120,PARKVIEW CARE CENTER,600 S 27TH ST,BILLINGS,MT,59101,4062598000,550,Yellowstone,For profit - Corporation,100,70.1,,Medicare and Medicaid,N,KISMET BIL LLC,1987-12-14,N,SFF Candidate,Y,N,N,Resident,Yes,1,,1,,4,,4,,,2,3,,,,1.62293,0.48846,0.48213,0.97059,2.59352,2.40105,0.3151,0.0001,80.6,,33.3,,1,,1.6552,0.59972,0.25259,2.50751,1.99637,0.59979,0.73842,3.2677,3.02519,2022-11-21,22,21,12,410,2,205,615,2021-11-24,7,3,5,80,1,0,80,2019-12-23,10,7,1,222,1,0,222,371.167,15,6,3,5,249600,0,5,"600 S 27TH ST,BILLINGS,MT,59101",2023-05-01
Pioneer Care and Rehabilitation,275124,PIONEER CARE AND REHABILITATION,200 N OREGON ST,DILLON,MT,59725,4066835105,0,Beaverhead,For profit - Limited Liability company,87,50.9,,Medicare and Medicaid,N,"SWEETWATER DILLON OPCO, LLC",1988-08-25,N,,N,N,N,Resident,Yes,2,,3,,4,,3,,4,,1,,,,1.67484,0.34443,0.4663,0.81073,2.48557,2.20996,0.23177,0.0836,97.2,,100,,3,,1.79709,0.71987,0.44457,2.96153,1.89755,0.35234,0.40578,2.65159,2.35756,2022-05-11,7,7,1,40,1,0,40,2021-06-24,6,6,0,56,1,0,56,2019-09-05,4,1,2,44,1,0,44,46,2,1,1,8,72535,0,8,"200 N OREGON ST,DILLON,MT,59725",2023-05-01
"Polson Health and Rehabilitation Center dba Evergreen at Polson, L.L.C.",275049,POLSON HEALTH & REHABILITATION CENTER,9 14TH AVE W,POLSON,MT,59860,4068834378,230,Lake,For profit - Corporation,70,39.3,,Medicare and Medicaid,N,EVERGREEN AT POLSON LLC,1979-12-01,N,,N,N,N,Both,Yes,5,,5,,4,,2,,5,,2,,,,1.95167,0.3796,0.9717,1.3513,3.30298,2.83249,0.96046,0.07428,67.3,,80,,,6,2.02533,0.72522,0.30818,3.05872,1.96201,0.38546,1.21981,3.41162,2.92566,2022-11-07,4,4,1,16,1,0,16,2021-09-16,1,1,0,8,1,0,8,2019-11-14,2,2,0,20,1,0,20,14,1,0,0,41,194731.85,0,41,"9 14TH AVE W,POLSON,MT,59860",2023-05-01
Powder River Manor,275087,POWDER RIVER MANOR,104 N TRAUTMAN,BROADUS,MT,59317,4064362646,370,Powder River,Government - County,41,20.1,,Medicare and Medicaid,N,POWDER RIVER COUNTY,1977-09-12,N,,N,N,N,Resident,Yes,1,,2,,3,,3,,,2,1,12,,,2.6843,0.22032,0.94104,1.16136,3.84566,3.45518,0.88447,0.20818,51.7,,66.7,,0,,1.72966,0.58927,0.24483,2.56376,3.1598,0.27533,1.48696,4.73901,4.25782,2023-03-02,4,4,0,192,0,0,192,2022-03-16,4,4,2,20,2,10,30,2021-04-15,4,3,0,36,2,18,54,115,0,2,1,2,20155.08,0,2,"104 N TRAUTMAN,BROADUS,MT,59317",2023-05-01
,,,,,,,,,,,,,,,,,,,,,,,,,,,,,,,,,,,,,,,,,,,,,,,,,,,,,,,,,,,,,,,,,,,,,,,,,,,,,,,,,,,,,,,,,,,,,,,
Riverside Health Care Center,275126,RIVERSIDE HEALTH & REHABILITATION,1301 E BROADWAY,MISSOULA,MT,59802,4067210680,310,Missoula,For profit - Partnership,72,60,,Medicare and Medicaid,N,RIVERSIDE HEALTH CARE CENTER,1988-12-13,N,,N,N,N,Resident,Yes,2,,2,,4,,3,,4,,3,,,,2.37502,0.13082,0.7659,0.89672,3.27175,2.94996,0.64879,0.07811,77.6,,70,,0,,1.91161,0.68808,0.3278,2.92749,2.52963,0.14001,0.90392,3.53085,3.18358,2022-09-15,4,4,0,36,1,0,36,2021-07-08,7,7,0,80,1,0,80,2019-09-19,11,11,0,159,1,0,159,71.167,0,0,0,1,36660,0,1,"1301 E BROADWAY,MISSOULA,MT,59802",2023-05-01
,275114,ROCKY MOUNTAIN CARE CENTER,30 S RODNEY ST,HELENA,MT,59601,4064435880,240,Lewis And Clark,For profit - Corporation,101,21.3,,Medicare and Medicaid,N,KISMET HLN LLC,1986-06-01,N,,N,N,N,Resident,Yes,4,,5,,4,,4,,3,,1,12,,,2.37066,1.42839,0.37499,1.80338,4.17404,3.88791,0.3822,0,75.8,,,6,0,,2.04042,0.66628,0.26283,2.96953,2.36558,1.57875,0.55196,4.44083,4.13641,2021-12-21,0,0,0,0,0,0,0,2020-01-23,4,3,1,16,1,0,16,2019-02-07,0,0,0,0,0,0,0,5.333,2,1,0,0,0,0,0,"30 S RODNEY ST,HELENA,MT,59601",2023-05-01
Rosebud Health Care Center,275072,ROSEBUD HEALTH CARE CENTER,383 N 17TH AVE,FORSYTH,MT,59327,4063464243,430,Rosebud,Non profit - Corporation,31,15,,Medicare and Medicaid,Y,ROSEBUD COMMUNITY HOSPITAL INC,1977-11-01,N,,Y,N,N,Both,Yes,3,,2,,3,,3,,,2,5,,,,3.00757,0.02717,2.3667,2.39387,5.40144,5.04682,2.0747,0,,6,,6,,6,1.84463,0.57264,0.24776,2.66504,3.31967,0.03494,3.69541,6.40326,5.98288,2022-09-01,6,6,2,60,1,0,60,2021-05-27,6,6,0,44,1,0,44,2019-08-08,7,6,0,48,1,0,48,52.667,0,1,1,4,87627.71,1,5,"383 N 17TH AVE,FORSYTH,MT,59327",2023-05-01
Sheridan Memorial Nursing Home,275070,SHERIDAN MEMORIAL NURSING HOME,440 W LAUREL AVE,PLENTYWOOD,MT,59254,4067653700,450,Sheridan,Non profit - Other,45,30.4,,Medicare and Medicaid,N,SHERIDAN MEMORIAL HOSPITAL ASSOCIATION,1977-08-01,N,,N,N,N,Resident,Yes,2,,1,,5,,5,,,2,3,,,,1.91532,0.53509,0.61869,1.15378,3.0691,2.50947,0.55257,0,,6,,6,,6,1.86616,0.59916,0.26494,2.73027,2.08969,0.65766,0.9034,3.55141,2.90384,2022-04-13,5,5,3,173,1,0,173,2020-09-16,2,2,0,20,1,0,20,2019-04-04,6,6,0,28,1,0,28,97.833,2,0,0,2,73303.75,0,2,"440 W LAUREL AVE,PLENTYWOOD,MT,59254",2023-05-01
Sidney Health Center - Extended Care,275121,SIDNEY HEALTH CENTER EXTENDED CARE,104 14TH AVE NW,SIDNEY,MT,59270,4064882300,410,Richland,Non profit - Corporation,93,45,,Medicare and Medicaid,N,SIDNEY HEALTH CENTER,1988-11-01,N,,N,N,N,Both,Yes,3,,3,,4,,2,,5,,4,,,,2.91985,0.59306,0.69549,1.28855,4.2084,4.02356,0.5206,0.01317,63.6,,69.2,,0,,1.85778,0.6113,0.28053,2.74961,3.20005,0.71444,0.9591,4.8355,4.62312,2022-10-26,7,7,0,32,1,0,32,2021-09-16,6,6,1,36,1,0,36,2019-12-12,11,11,0,68,1,0,68,39.333,0,1,0,1,662.73,0,1,"104 14TH AVE NW,SIDNEY,MT,59270",2023-05-01
Southwest Montana Veterans' Home,275156,SOUTHWEST MONTANA VETERANS HOME,65 VETERANS CIRCLE,BUTTE,MT,59701,4067923100,460,Silver Bow,Government - Federal,60,41.4,,Medicare and Medicaid,N,BUTTE NURSING AND REHAB CENTER LLC,2021-08-06,N,,N,N,N,Resident,Partial,5,,4,,4,,4,,,2,5,,,,2.76002,0.8754,1.9907,2.86609,5.62612,4.71327,1.37208,0.12613,,6,,6,,6,1.74011,0.72318,0.36647,2.82976,3.22943,0.89141,2.10148,6.28137,5.26221,2022-04-28,7,7,0,36,1,0,36,2021-05-26,0,0,0,0,0,0,0,,.,.,.,.,.,.,.,21.6,0,0,,0,0,0,0,"65 VETERANS CIRCLE,BUTTE,MT,59701",2023-05-01
St. Johns Lutheran Home,275024,ST JOHN'S LUTHERAN HOME,3940 RIMROCK RD,BILLINGS,MT,59102,4066555600,550,Yellowstone,For profit - Corporation,186,110.2,,Medicare and Medicaid,N,"ST JOHNS LUTHERAN MINISTRIES, INC",1967-01-01,Y,,Y,N,N,Resident,Yes,2,,2,,4,,3,,5,,4,,,,3.5972,0.75178,0.99881,1.75059,5.34779,4.99966,0.66363,0.02587,61.3,,53.8,,0,,1.98177,0.65565,0.3015,2.93892,3.69572,0.84438,1.28163,5.74886,5.37463,2021-06-24,5,3,2,52,1,0,52,2019-08-22,8,8,0,56,1,0,56,2019-03-08,6,6,0,32,1,0,32,50,3,0,0,4,41760.08,0,4,"3940 RIMROCK RD,BILLINGS,MT,59102",2023-05-01
St. Luke Community Nursing Home,275093,ST LUKE COMMUNITY NURSING HOME,107 6TH AVE S W,RONAN,MT,59864,4066764441,230,Lake,Non profit - Corporation,75,36.4,,Medicare and Medicaid,Y,ST LUKES COMMUNITY HOSPITAL,1978-12-04,N,,N,N,N,Both,Yes,1,,2,,2,,2,,,2,1,12,6,6,,,,,,,,,,6,,6,,6,,,,,,,,,,2023-03-16,10,10,0,167,0,0,167,2022-01-20,3,3,2,32,1,0,32,2020-03-05,1,1,0,4,1,0,4,94.833,1,0,0,1,29100.5,0,1,"107 6TH AVE S W,RONAN,MT,59864",2023-05-01
Sweet Memorial Nursing Home,275127,SWEET MEMORIAL NURSING HOME,125 AIRPORT RD,CHINOOK,MT,59523,4063572549,20,Blaine,Non profit - Corporation,42,36.8,,Medicare and Medicaid,N,SWEET MEMORIAL NURSING HOME,1989-09-01,N,,Y,N,N,Resident,Yes,2,,2,,2,,2,,,2,4,,,,2.56233,0.0698,1.08223,1.15202,3.71435,3.29286,0.82724,0.04293,51.4,,36.4,,0,,1.98221,0.61984,0.31997,2.92202,2.63193,0.08292,1.30846,4.01601,3.56029,2022-12-07,11,8,7,68,1,0,68,2021-09-02,8,8,2,60,1,0,60,2019-10-31,5,5,0,40,1,0,40,60.667,9,0,0,7,39245.7,0,7,"125 AIRPORT RD,CHINOOK,MT,59523",2023-05-01
(The) Living Centre,275125,THE LIVING CENTRE,57 MAIN ST,STEVENSVILLE,MT,59870,4067775411,400,Ravalli,For profit - Corporation,50,33.8,,Medicare and Medicaid,N,LIVING CENTRE LIMITED,1977-09-01,N,,N,N,N,Resident,Yes,5,,4,,5,,5,,,2,4,,,,2.82472,1.04688,0.93823,1.98511,4.80983,4.22079,0.59776,0.12383,69.8,,62.5,,0,,2.20457,0.67518,0.336,3.21576,2.6088,1.14181,1.08026,4.72543,4.14673,2023-02-16,7,6,1,28,1,0,28,2022-02-03,0,0,0,0,0,0,0,2019-10-03,0,0,0,0,0,0,0,14,1,0,0,1,655.14,0,1,"57 MAIN ST,STEVENSVILLE,MT,59870",2023-05-01
Tobacco Root Mountains Care Center,275147,TOBACCO ROOT MOUNTAINS CARE CENTER,326 MADISON ST,SHERIDAN,MT,59749,4068425600,280,Madison,Government - County,39,23.7,,Medicare and Medicaid,N,MADISON COUNTY FINANCE,1996-06-14,N,,N,N,N,Both,Yes,4,,4,,5,,5,,,2,1,12,,,2.77191,0.64475,0.95011,1.59486,4.36677,3.83768,0.5179,0.01033,61.3,,62.5,,0,,2.14757,0.63993,0.28336,3.07086,2.62798,0.74195,1.29718,4.49258,3.94824,2023-03-16,10,10,0,52,0,0,52,2022-03-16,0,0,0,0,0,0,0,2020-09-17,0,0,0,0,0,0,0,26,0,0,0,1,650,0,1,"326 MADISON ST,SHERIDAN,MT,59749",2023-05-01
Valle Vista Manor - LTC,275021,VALLE VISTA MANOR,402 SUMMIT AVE,LEWISTOWN,MT,59457,4065388775,130,Fergus,For profit - Individual,101,45,,Medicare and Medicaid,N,"KISMET LWT, LLC",1970-10-01,N,,N,N,N,Resident,Yes,3,,2,,5,,4,,5,,4,,,,2.23945,0.12675,0.88472,1.01148,3.25093,2.7968,0.44197,0.03119,39.5,,22.2,,0,,1.913,0.60615,0.26596,2.78512,2.3835,0.15399,1.28691,3.68773,3.17258,2022-06-09,8,8,0,56,1,0,56,2021-08-19,13,12,3,84,1,0,84,2019-12-12,2,0,2,8,0,0,8,57.333,2,3,0,1,6500,0,1,"402 SUMMIT AVE,LEWISTOWN,MT,59457",2023-05-01
Valley View Home,275091,VALLEY VIEW HOME,1225 PERRY LN,GLASGOW,MT,59230,4062282461,520,Valley,Non profit - Church related,96,55.1,,Medicare and Medicaid,N,AMERICAN LUTHERAN CHURCH VALLEY VIEW HOME,1977-10-01,N,,N,N,N,Resident,Yes,3,,3,,2,,2,,,2,4,,,,3.4578,0.56449,0.36946,0.93395,4.39174,3.81133,0.2348,0,,6,,6,,6,1.92897,0.59048,0.25724,2.77669,3.64975,0.704,0.55562,4.99694,4.33654,2022-10-13,7,7,1,52,1,0,52,2021-10-14,3,3,0,40,1,0,40,2020-01-09,13,13,0,68,2,34,102,56.333,1,0,0,4,41859.94,1,5,"1225 PERRY LN,GLASGOW,MT,59230",2023-05-01
The Village Health & Rehabilitation,275043,VILLAGE HEALTH & REHABILITATION,2651 SOUTH AVE W,MISSOULA,MT,59804,4067289162,310,Missoula,For profit - Corporation,193,125.5,,Medicare and Medicaid,N,"COMMUNITY NURSING, INC",1975-02-01,N,,N,N,N,Resident,Yes,4,,3,,5,,4,,5,,4,,,,2.3775,0.27777,0.92023,1.198,3.5755,3.19424,0.76923,0.02907,63.9,,37.5,,0,,2.01579,0.68435,0.31835,3.01849,2.4014,0.2989,1.1183,3.74233,3.34328,2022-07-07,7,7,1,44,1,0,44,2021-05-27,5,5,0,44,1,0,44,2019-05-16,8,7,0,56,1,0,56,46,1,0,1,4,71840,0,4,"2651 SOUTH AVE W,MISSOULA,MT,59804",2023-05-01
Whitefish Care and Rehabilitation,275132,WHITEFISH CARE AND REHABILITATION,1305 E 7TH ST,WHITEFISH,MT,59937,4068623557,140,Flathead,For profit - Limited Liability company,100,71.3,,Medicare and Medicaid,N,SWEETWATER WHITEFISH OPCO LLC,1989-09-01,N,SFF Candidate,N,N,N,Resident,Yes,1,,1,,4,,2,,5,,1,,,,1.20617,0.7638,0.31907,1.08287,2.28904,2.00352,0.17491,0.04122,98.3,,87.5,,,6,1.70832,0.67464,0.34903,2.73198,1.43757,0.83373,0.35366,2.6471,2.31692,2023-03-02,23,17,6,268,1,0,268,2022-04-13,15,13,6,133,1,0,133,2021-04-29,10,5,4,250,1,0,250,220,1,9,2,4,362194.5,0,4,"1305 E 7TH ST,WHITEFISH,MT,59937",2023-05-01
Wibaux County Nursing Home,275079,WIBAUX COUNTY NURSING HOME,712 WIBAUX ST S,WIBAUX,MT,59353,4067962429,540,Wibaux,Government - County,40,27.8,,Medicare and Medicaid,N,WIBAUX COUNTY NURSING HOME OF WIBAUX MONTANA,1977-11-01,N,,N,N,N,Resident,Yes,2,,2,,3,,3,,,2,3,,,,2.10957,0.48085,0.64911,1.12996,3.23953,2.7669,0.54641,0,57.6,,66.7,,,6,1.94552,0.603,0.28409,2.83261,2.20774,0.58724,0.88394,3.61319,3.08604,2023-03-01,7,5,0,40,0,0,40,2022-03-17,3,3,1,16,1,0,16,2020-02-06,25,12,12,216,2,108,324,79.333,2,9,11,5,7819.5,0,5,"712 WIBAUX ST S,WIBAUX,MT,59353",2023-05-01
,,,,,,,,,,,,,,,,,,,,,,,,,,,,,,,,,,,,,,,,,,,,,,,,,,,,,,,,,,,,,,,,,,,,,,,,,,,,,,,,,,,,,,,,,,,,,,,
,,,,,,,,,,,,,,,,,,,,,,,,,,,,,,,,,,,,,,,,,,,,,,,,,,,,,,,,,,,,,,,,,,,,,,,,,,,,,,,,,,,,,,,,,,,,,,,
,,,,,,,,,,,,,,,,,,,,,,,,,,,,,,,,,,,,,,,,,,,,,,,,,,,,,,,,,,,,,,,,,,,,,,,,,,,,,,,,,,,,,,,,,,,,,,,
,,,,,,,,,,,,,,,,,,,,,,,,,,,,,,,,,,,,,,,,,,,,,,,,,,,,,,,,,,,,,,,,,,,,,,,,,,,,,,,,,,,,,,,,,,,,,,,
,,,,,,,,,,,,,,,,,,,,,,,,,,,,,,,,,,,,,,,,,,,,,,,,,,,,,,,,,,,,,,,,,,,,,,,,,,,,,,,,,,,,,,,,,,,,,,,
,,,,,,,,,,,,,,,,,,,,,,,,,,,,,,,,,,,,,,,,,,,,,,,,,,,,,,,,,,,,,,,,,,,,,,,,,,,,,,,,,,,,,,,,,,,,,,,
,,,,,,,,,,,,,,,,,,,,,,,,,,,,,,,,,,,,,,,,,,,,,,,,,,,,,,,,,,,,,,,,,,,,,,,,,,,,,,,,,,,,,,,,,,,,,,,
EXT:,,,,,,,,,,,,,,,,,,,,,,,,,,,,,,,,,,,,,,,,,,,,,,,,,,,,,,,,,,,,,,,,,,,,,,,,,,,,,,,,,,,,,,,,,,,,,,,